{
    "intrinsic": [1073.376117, 0, 937.160494, 
                    0, 1073.726956, 620.717418,
                    0, 0, 1],
    "distortion": [-0.133625,0.059642,-0.000311,-0.006120]
}