{
    "intrinsic": [1055.382006, 0, 935.620432, 
                    0, 1058.786747, 607.316014,
                    0, 0, 1],
    "distortion": [-0.133628,0.057774,-0.001282,-0.001088]
}