{
  "intrinsic": [1055.465497, 0, 969.483445, 
                  0, 1055.605856, 603.504962,
                  0, 0, 1],
  "distortion": [-0.146335,0.063113,-0.001973,0.000488]
}